source,relation,target
284465006,IS_A,384821006
225706007,IS_A,108329005
225706007,IS_A,284465006
160822004,IS_A,225706007
160822004,IS_A,55607006
160823009,IS_A,160822004
160824003,IS_A,160822004
160826001,IS_A,160822004
160827005,IS_A,160822004
288501000119105,IS_A,160827005
160828000,IS_A,160822004
160830003,IS_A,160822004
681000119101,IS_A,160822004
1041000119100,IS_A,160822004
288551000119109,IS_A,105489007
288551000119109,IS_A,160822004
52381000119109,IS_A,160822004
102171000119108,IS_A,160822004
102161000119102,IS_A,160822004
160845005,IS_A,225706007
160846006,IS_A,225706007
304858008,IS_A,224993008
304858008,IS_A,225706007
304859000,IS_A,304858008
304860005,IS_A,304858008
304861009,IS_A,304858008
304862002,IS_A,304858008
304863007,IS_A,304858008
304864001,IS_A,304858008
304865000,IS_A,304858008
88451002,IS_A,304858008
88451002,IS_A,15863006
64313000,IS_A,225706007
64313000,IS_A,106024000
129603004,IS_A,64313000
129878006,IS_A,64313000
133938003,IS_A,64313000
133939006,IS_A,133938003
281026004,IS_A,133939006
133940008,IS_A,133938003
441879005,IS_A,64313000
67564005,IS_A,225706007
105416005,IS_A,67564005
225857001,IS_A,366001003
225857001,IS_A,67564005
105414008,IS_A,225706007
88598008,IS_A,129875009
88598008,IS_A,225706007
161057005,IS_A,88598008
276130005,IS_A,161057005
423238001,IS_A,88598008
424573006,IS_A,88598008
424300006,IS_A,88598008
422981003,IS_A,225706007
422781006,IS_A,225706007
422717002,IS_A,225706007
422517004,IS_A,225706007
422517004,IS_A,365032007
442533006,IS_A,225706007
113381000119100,IS_A,225706007
225787000,IS_A,284465006
225787000,IS_A,118233009
225788005,IS_A,225787000
225789002,IS_A,225787000
225790006,IS_A,284465006
225790006,IS_A,844005
225791005,IS_A,225790006
225795001,IS_A,225791005
225792003,IS_A,225795001
225796000,IS_A,225795001
225797009,IS_A,225796000
225845005,IS_A,225795001
225846006,IS_A,225795001
225793008,IS_A,225790006
225798004,IS_A,225793008
225801005,IS_A,225793008
225802003,IS_A,225801005
225803008,IS_A,225801005
225804002,IS_A,225793008
225805001,IS_A,225804002
225806000,IS_A,225804002
225807009,IS_A,225804002
225808004,IS_A,225793008
225808004,IS_A,108329005
225809007,IS_A,225808004
225812005,IS_A,225793008
225813000,IS_A,225793008
225815007,IS_A,225813000
225818009,IS_A,225793008
225818009,IS_A,65367001
225819001,IS_A,225818009
225820007,IS_A,225818009
428454002,IS_A,225820007
225823009,IS_A,225818009
95316006,IS_A,95934001
95316006,IS_A,225818009
95317002,IS_A,225818009
363652006,IS_A,95317002
95930005,IS_A,225818009
95931009,IS_A,95930005
95932002,IS_A,95930005
95933007,IS_A,95930005
422379007,IS_A,95930005
422566002,IS_A,95930005
422566002,IS_A,225858006
423562005,IS_A,95930005
423217007,IS_A,25622003
423217007,IS_A,95930005
419686005,IS_A,95930005
397660003,IS_A,419686005
231421000119102,IS_A,419686005
231431000119104,IS_A,95930005
386702006,IS_A,225818009
95318007,IS_A,386702006
397940009,IS_A,386702006
102457005,IS_A,397940009
102457005,IS_A,225824003
397864009,IS_A,102457005
102458000,IS_A,397940009
401316003,IS_A,397940009
289431000119109,IS_A,397940009
237461000119103,IS_A,225824003
237461000119103,IS_A,397940009
473453008,IS_A,397940009
473453008,IS_A,95924005
473453008,IS_A,419916003
700229002,IS_A,225826001
700229002,IS_A,397940009
713834002,IS_A,700229002
225826001,IS_A,386702006
225826001,IS_A,102950001
225830003,IS_A,225826001
56890008,IS_A,225826001
56890008,IS_A,90774003
42085001,IS_A,56890008
17044007,IS_A,42085001
17044007,IS_A,70295002
713820002,IS_A,56890008
713820002,IS_A,706893006
713821003,IS_A,56890008
242973005,IS_A,225826001
242974004,IS_A,225826001
417876002,IS_A,225826001
419951006,IS_A,417876002
418150003,IS_A,417876002
420180008,IS_A,417876002
149141000119102,IS_A,225826001
149141000119102,IS_A,406137001
29231000119109,IS_A,149141000119102
718495005,IS_A,29231000119109
10761061000119107,IS_A,225826001
10761061000119107,IS_A,118185001
10761021000119102,IS_A,225826001
10761021000119102,IS_A,118185001
225827005,IS_A,386702006
225828000,IS_A,386702006
90774003,IS_A,386702006
2268003,IS_A,90774003
74715005,IS_A,90774003
74715005,IS_A,225824003
78077007,IS_A,90774003
78077007,IS_A,225824003
160800006,IS_A,78077007
160801005,IS_A,78077007
213012007,IS_A,78077007
213013002,IS_A,78077007
80520008,IS_A,90774003
95924005,IS_A,386702006
225825002,IS_A,95924005
225825002,IS_A,419916003
423402005,IS_A,225825002
95925006,IS_A,95924005
95925006,IS_A,419916003
10760981000119107,IS_A,118185001
10760981000119107,IS_A,95925006
10760941000119102,IS_A,95925006
95926007,IS_A,419916003
95926007,IS_A,95924005
95927003,IS_A,95924005
95927003,IS_A,419916003
95929000,IS_A,95924005
95929000,IS_A,419916003
95929000,IS_A,706872008
406137001,IS_A,386702006
207871000119100,IS_A,406137001
207871000119100,IS_A,419916003
237451000119100,IS_A,225824003
237451000119100,IS_A,406137001
288671000119101,IS_A,237451000119100
288681000119103,IS_A,237451000119100
706872008,IS_A,406137001
225824003,IS_A,386702006
10756261000119102,IS_A,225824003
10756261000119102,IS_A,118185001
10756301000119105,IS_A,225824003
10756301000119105,IS_A,118185001
419916003,IS_A,386702006
423344000,IS_A,386702006
424509006,IS_A,386702006
422722002,IS_A,386702006
700226009,IS_A,386702006
706893006,IS_A,386702006
442084003,IS_A,225818009
225799007,IS_A,284465006
225800006,IS_A,225799007
225831004,IS_A,844005
225831004,IS_A,284465006
225832006,IS_A,225831004
225833001,IS_A,225831004
225834007,IS_A,225831004
225835008,IS_A,225831004
225836009,IS_A,225831004
225837000,IS_A,225831004
225838005,IS_A,225831004
225839002,IS_A,284465006
225839002,IS_A,844005
225840000,IS_A,225839002
225840000,IS_A,118196009
225841001,IS_A,118196009
225841001,IS_A,225839002
225842008,IS_A,118196009
225842008,IS_A,284465006
225843003,IS_A,225842008
225844009,IS_A,225842008
225855009,IS_A,108329005
225855009,IS_A,284465006
365999004,IS_A,225855009
225852007,IS_A,365999004
225853002,IS_A,365999004
366001003,IS_A,225855009
225856005,IS_A,366001003
714371000,IS_A,366001003
714562005,IS_A,366001003
714416000,IS_A,366001003
714862000,IS_A,225855009
284531007,IS_A,284465006
118193001,IS_A,284465006
118193001,IS_A,118191004
225814006,IS_A,118193001
225816008,IS_A,118193001
225817004,IS_A,118193001
714385005,IS_A,118193001
714419007,IS_A,118193001
714855009,IS_A,118193001
714856005,IS_A,118193001
22927000,IS_A,844005
22927000,IS_A,284465006
163614007,IS_A,271893008
163614007,IS_A,22927000
54380006,IS_A,284465006
54380006,IS_A,50202006
57097000,IS_A,284465006
57097000,IS_A,409033001
270428008,IS_A,284465006
270428008,IS_A,365448001
365996006,IS_A,284465006
365997002,IS_A,365996006
129874008,IS_A,106024000
129874008,IS_A,365997002
129875009,IS_A,129874008
77096008,IS_A,129875009
423315002,IS_A,129875009
422611005,IS_A,423315002
129872007,IS_A,129874008
425266007,IS_A,129874008
425266007,IS_A,105507009
105411000,IS_A,365997002
105411000,IS_A,422650009
365998007,IS_A,284465006
225848007,IS_A,118231006
225848007,IS_A,365998007
225849004,IS_A,365998007
225849004,IS_A,118231006
366002005,IS_A,284465006
225811003,IS_A,366002005
106024000,IS_A,284465006
129876005,IS_A,106024000
423874001,IS_A,129876005
423874001,IS_A,844005
423571001,IS_A,129876005
423571001,IS_A,844005
423446002,IS_A,129876005
423446002,IS_A,844005
129879003,IS_A,106024000
129879003,IS_A,365483002
129879003,IS_A,844005
129879003,IS_A,365477000
300894000,IS_A,129879003
300894000,IS_A,48694002
270472006,IS_A,300894000
14345008,IS_A,15863006
14345008,IS_A,129879003
161064007,IS_A,14345008
52184009,IS_A,248539004
52184009,IS_A,129879003
105483008,IS_A,365576006
105483008,IS_A,52184009
129873002,IS_A,129879003
129873002,IS_A,15863006
225642005,IS_A,247825008
225642005,IS_A,129879003
225639004,IS_A,225642005
225640002,IS_A,225642005
225641003,IS_A,225642005
401141001,IS_A,248539004
401141001,IS_A,129879003
406161008,IS_A,129879003
406161008,IS_A,27179007
52455008,IS_A,406161008
406160009,IS_A,406161008
169937006,IS_A,129879003
33590004,IS_A,169937006
423385005,IS_A,169937006
424364004,IS_A,129879003
424896002,IS_A,129879003
425275009,IS_A,129879003
425275009,IS_A,225481000
425275009,IS_A,422734005
422913006,IS_A,129879003
422596007,IS_A,25622003
422596007,IS_A,129880000
422596007,IS_A,129879003
473447008,IS_A,129879003
702469009,IS_A,129879003
702470005,IS_A,129879003
704305004,IS_A,129879003
129881001,IS_A,106024000
129881001,IS_A,844005
27179007,IS_A,106024000
151901000119101,IS_A,284465006
288571000119100,IS_A,284465006
115491000119105,IS_A,284465006
36456004,IS_A,384821006
106126000,IS_A,36456004
102893002,IS_A,106126000
417514002,IS_A,271893008
417514002,IS_A,162715009
417514002,IS_A,102893002
417694005,IS_A,417514002
416259003,IS_A,417514002
416443001,IS_A,417514002
102898006,IS_A,106126000
102899003,IS_A,102898006
102899003,IS_A,225481000
102900008,IS_A,102899003
102901007,IS_A,102899003
102902000,IS_A,102899003
102903005,IS_A,102899003
102904004,IS_A,102899003
423794002,IS_A,102899003
106131003,IS_A,106126000
102897001,IS_A,106131003
247672006,IS_A,106131003
247673001,IS_A,247672006
247694003,IS_A,106131003
276245005,IS_A,106131003
276247002,IS_A,106131003
281144009,IS_A,106131003
286644009,IS_A,106131003
61387006,IS_A,48694002
61387006,IS_A,286644009
70997004,IS_A,48694002
70997004,IS_A,286644009
17029006,IS_A,106131003
18963009,IS_A,106131003
225006001,IS_A,18963009
225006001,IS_A,285849008
225653004,IS_A,18963009
225654005,IS_A,18963009
225656007,IS_A,18963009
225657003,IS_A,18963009
247800004,IS_A,18963009
247801000,IS_A,247800004
247802007,IS_A,247800004
286641001,IS_A,18963009
307076007,IS_A,18963009
20602000,IS_A,365462008
20602000,IS_A,106131003
20602000,IS_A,225652009
162719003,IS_A,162715009
162719003,IS_A,20602000
24936000,IS_A,225652009
24936000,IS_A,106131003
25467004,IS_A,106131003
27596001,IS_A,106131003
30819006,IS_A,106131003
33314005,IS_A,106131003
35209006,IS_A,106131003
367545001,IS_A,106131003
231508009,IS_A,279622009
231508009,IS_A,367545001
247829002,IS_A,247828005
247829002,IS_A,367545001
247831006,IS_A,247828005
247831006,IS_A,367545001
191728008,IS_A,247845000
191728008,IS_A,367545001
225626003,IS_A,247845000
225626003,IS_A,367545001
225625004,IS_A,225626003
404910002,IS_A,225626003
404910002,IS_A,401269004
225627007,IS_A,286568007
225627007,IS_A,367545001
225629005,IS_A,247845000
225629005,IS_A,367545001
225628002,IS_A,225629005
225632008,IS_A,247845000
225632008,IS_A,367545001
247809003,IS_A,247855001
247809003,IS_A,367545001
225646008,IS_A,247809003
247810008,IS_A,247855001
247810008,IS_A,367545001
225645007,IS_A,247810008
247811007,IS_A,247855001
247811007,IS_A,367545001
247812000,IS_A,247855001
247812000,IS_A,367545001
247813005,IS_A,247855001
247813005,IS_A,367545001
247816002,IS_A,247855001
247816002,IS_A,367545001
247817006,IS_A,247816002
247819009,IS_A,247855001
247819009,IS_A,367545001
247820003,IS_A,247855001
247820003,IS_A,367545001
247822006,IS_A,247855001
247822006,IS_A,367545001
247823001,IS_A,247855001
247823001,IS_A,367545001
247824007,IS_A,247855001
247824007,IS_A,367545001
247826009,IS_A,247832004
247826009,IS_A,367545001
247827000,IS_A,247832004
247827000,IS_A,367545001
247833009,IS_A,247832004
247833009,IS_A,367545001
247834003,IS_A,247833009
247835002,IS_A,247833009
247836001,IS_A,247833009
247837005,IS_A,247833009
247838000,IS_A,247832004
247838000,IS_A,367545001
247839008,IS_A,247838000
247840005,IS_A,247838000
247841009,IS_A,247832004
247841009,IS_A,367545001
247842002,IS_A,247832004
247842002,IS_A,367545001
247843007,IS_A,247832004
247843007,IS_A,367545001
247844001,IS_A,247832004
247844001,IS_A,367545001
247846004,IS_A,247845000
247846004,IS_A,367545001
225633003,IS_A,247846004
247847008,IS_A,247846004
247847008,IS_A,102927007
247849006,IS_A,247845000
247849006,IS_A,367545001
247856000,IS_A,286568007
247856000,IS_A,367545001
225631001,IS_A,247856000
247857009,IS_A,247856000
247858004,IS_A,247857009
247859007,IS_A,247857009
247861003,IS_A,247856000
247862005,IS_A,247856000
247864006,IS_A,286568007
247864006,IS_A,367545001
247865007,IS_A,286568007
247865007,IS_A,367545001
247870000,IS_A,247845000
247870000,IS_A,367545001
247871001,IS_A,247845000
247871001,IS_A,367545001
276242008,IS_A,247845000
276242008,IS_A,367545001
277816006,IS_A,247845000
277816006,IS_A,367545001
279926005,IS_A,286568007
279926005,IS_A,367545001
286545003,IS_A,247848003
286545003,IS_A,367545001
417620007,IS_A,162715009
417620007,IS_A,367545001
699389008,IS_A,286568007
699389008,IS_A,367545001
48079002,IS_A,106131003
279571009,IS_A,48079002
5240007,IS_A,106131003
55929007,IS_A,106131003
33624008,IS_A,55929007
75408008,IS_A,106131003
224971003,IS_A,75408008
224971003,IS_A,844005
225005002,IS_A,365208007
225005002,IS_A,75408008
285848000,IS_A,365208007
285848000,IS_A,75408008
285848000,IS_A,285850008
162726003,IS_A,162715009
162726003,IS_A,75408008
76094002,IS_A,106131003
102894008,IS_A,76094002
79015004,IS_A,106131003
79015004,IS_A,83507006
225635005,IS_A,48694002
225635005,IS_A,79015004
225636006,IS_A,79015004
225636006,IS_A,48694002
225637002,IS_A,48694002
225637002,IS_A,79015004
277829006,IS_A,225637002
247808006,IS_A,79015004
247808006,IS_A,48694002
225644006,IS_A,247808006
277818007,IS_A,247808006
277819004,IS_A,247808006
277820005,IS_A,247808006
277821009,IS_A,247808006
277822002,IS_A,247808006
277823007,IS_A,247808006
277824001,IS_A,247808006
277833004,IS_A,277824001
277834005,IS_A,277824001
277825000,IS_A,247808006
277826004,IS_A,247808006
277827008,IS_A,247808006
277827008,IS_A,225873007
277828003,IS_A,247808006
277831002,IS_A,247808006
89225005,IS_A,247808006
89225005,IS_A,386808001
401010000,IS_A,247808006
431432003,IS_A,247808006
702535006,IS_A,247808006
247825008,IS_A,79015004
247825008,IS_A,48694002
225638007,IS_A,247825008
225638007,IS_A,365957000
225643000,IS_A,247825008
277838008,IS_A,247825008
277839000,IS_A,247825008
413301003,IS_A,79015004
82248001,IS_A,106131003
87521009,IS_A,106131003
87690005,IS_A,288545008
87690005,IS_A,106131003
9066006,IS_A,106131003
281129008,IS_A,106131003
365107007,IS_A,106131003
112080002,IS_A,365107007
225455004,IS_A,112080002
11542009,IS_A,365107007
11542009,IS_A,416383008
80608005,IS_A,365107007
81548002,IS_A,365107007
281257007,IS_A,81548002
34822003,IS_A,81548002
286582007,IS_A,34822003
85949006,IS_A,34822003
307074005,IS_A,85949006
286638005,IS_A,34822003
162727007,IS_A,162715009
162727007,IS_A,34822003
405273008,IS_A,81548002
424009001,IS_A,118189007
424009001,IS_A,247845000
424009001,IS_A,365107007
365129006,IS_A,365107007
225649001,IS_A,365129006
247798006,IS_A,365129006
225648009,IS_A,365129006
247784003,IS_A,225648009
247799003,IS_A,365129006
307077003,IS_A,365129006
716397008,IS_A,365129006
365118007,IS_A,106131003
225658008,IS_A,365118007
134417007,IS_A,106131003
386782008,IS_A,106131003
191664002,IS_A,386782008
386798001,IS_A,286735002
386798001,IS_A,386782008
46460004,IS_A,386798001
1402001,IS_A,106131003
225634009,IS_A,1402001
247828005,IS_A,1402001
247830007,IS_A,247828005
247832004,IS_A,1402001
247845000,IS_A,1402001
102918006,IS_A,247845000
102918006,IS_A,386808001
102922001,IS_A,247845000
102922001,IS_A,386808001
102923006,IS_A,247845000
102923006,IS_A,386808001
247848003,IS_A,247845000
19512009,IS_A,247848003
19512009,IS_A,386808001
102916005,IS_A,19512009
403592009,IS_A,247848003
403592009,IS_A,198280005
247850006,IS_A,247845000
247850006,IS_A,19887002
247851005,IS_A,247850006
247852003,IS_A,247850006
247853008,IS_A,58963008
247853008,IS_A,247845000
276241001,IS_A,58963008
276241001,IS_A,247845000
31492004,IS_A,247845000
31492004,IS_A,386808001
54746005,IS_A,247845000
54746005,IS_A,386808001
54746005,IS_A,365964003
397775001,IS_A,247845000
397775001,IS_A,386808001
398304003,IS_A,397775001
401269004,IS_A,247845000
415136009,IS_A,247845000
288241000119105,IS_A,247845000
288241000119105,IS_A,386808001
288251000119107,IS_A,247845000
288251000119107,IS_A,386808001
424958004,IS_A,247845000
704424002,IS_A,247845000
705047004,IS_A,247845000
247855001,IS_A,1402001
102912007,IS_A,247855001
102912007,IS_A,225873007
102915009,IS_A,247855001
102915009,IS_A,386808001
247866008,IS_A,102915009
102919003,IS_A,247866008
102920009,IS_A,102919003
247868009,IS_A,102919003
403591002,IS_A,102919003
403591002,IS_A,67431008
247869001,IS_A,247866008
34563004,IS_A,247866008
102917001,IS_A,247855001
102917001,IS_A,386808001
102921008,IS_A,247855001
102921008,IS_A,386808001
247815003,IS_A,247855001
439576009,IS_A,247815003
247818001,IS_A,102931001
247818001,IS_A,247855001
24109003,IS_A,247855001
24109003,IS_A,386808001
699391000,IS_A,247855001
286568007,IS_A,1402001
225630000,IS_A,286568007
225630000,IS_A,38617005
110357006,IS_A,225630000
714667008,IS_A,286568007
162720009,IS_A,162715009
162720009,IS_A,1402001
423170008,IS_A,1402001
704423008,IS_A,1402001
49971008,IS_A,106131003
416383008,IS_A,106131003
281143003,IS_A,416383008
28290006,IS_A,416383008
39370001,IS_A,416383008
6140007,IS_A,416383008
88729006,IS_A,416383008
932006,IS_A,225652009
932006,IS_A,416383008
420038007,IS_A,106131003
272024005,IS_A,420038007
272024005,IS_A,418799008
421369008,IS_A,106131003
310480000,IS_A,271951008
310480000,IS_A,106131003
310480000,IS_A,418799008
425363002,IS_A,106131003
134416003,IS_A,106131003
274646000,IS_A,106131003
366979004,IS_A,106131003
272022009,IS_A,418799008
272022009,IS_A,366979004
704678007,IS_A,366979004
276302000,IS_A,106131003
225873007,IS_A,106126000
224965009,IS_A,225873007
74506000,IS_A,224965009
74506000,IS_A,365574009
225021007,IS_A,74506000
424773009,IS_A,225021007
424773009,IS_A,365241005
423136007,IS_A,225021007
225614008,IS_A,74506000
225615009,IS_A,74506000
304636008,IS_A,74506000
3763000,IS_A,74506000
130966005,IS_A,74506000
397847006,IS_A,74506000
427589004,IS_A,74506000
14621004,IS_A,74506000
225020008,IS_A,14621004
53339009,IS_A,74506000
365241005,IS_A,224965009
225024004,IS_A,365241005
225025003,IS_A,365241005
225026002,IS_A,365241005
225027006,IS_A,365241005
225029009,IS_A,365241005
225030004,IS_A,365241005
225031000,IS_A,365241005
425218000,IS_A,365241005
424068007,IS_A,425218000
225022000,IS_A,224965009
225023005,IS_A,224965009
225028001,IS_A,224965009
304243005,IS_A,225028001
279644004,IS_A,224965009
225872002,IS_A,225873007
225875000,IS_A,225873007
225876004,IS_A,225875000
304244004,IS_A,225873007
102498003,IS_A,225873007
409029008,IS_A,225873007
288545008,IS_A,106126000
51078006,IS_A,288545008
18318000,IS_A,106126000
27764006,IS_A,106126000
28669007,IS_A,106126000
35991009,IS_A,106126000
40634001,IS_A,106126000
45763006,IS_A,106126000
47544006,IS_A,106126000
53489000,IS_A,106126000
105485001,IS_A,248539004
105485001,IS_A,266949007
105485001,IS_A,53489000
302202009,IS_A,105485001
263897001,IS_A,53489000
224970002,IS_A,263897001
250070007,IS_A,263897001
425131000,IS_A,53489000
423157004,IS_A,53489000
54038000,IS_A,106126000
67877007,IS_A,106126000
77416000,IS_A,106126000
83765003,IS_A,106126000
247795009,IS_A,83765003
247795009,IS_A,365175003
89561004,IS_A,106126000
247805009,IS_A,106126000
271596009,IS_A,106126000
271596009,IS_A,69328002
365151003,IS_A,106126000
285842004,IS_A,365151003
34413007,IS_A,365151003
45991007,IS_A,365151003
365164002,IS_A,365151003
285843009,IS_A,365164002
365175003,IS_A,365164002
247796005,IS_A,365175003
430641005,IS_A,247796005
365186001,IS_A,106126000
225652009,IS_A,365186001
225650001,IS_A,225652009
285846001,IS_A,225652009
285847005,IS_A,225652009
247792007,IS_A,365186001
365197001,IS_A,106126000
285850008,IS_A,365197001
716807006,IS_A,285850008
285851007,IS_A,365197001
285852000,IS_A,365197001
285849008,IS_A,365208007
285849008,IS_A,285852000
365208007,IS_A,365197001
365219005,IS_A,106126000
224999007,IS_A,365219005
285844003,IS_A,365219005
285845002,IS_A,365219005
286569004,IS_A,365219005
365230008,IS_A,106126000
225003009,IS_A,365230008
285853005,IS_A,365230008
301846009,IS_A,365230008
93831000119104,IS_A,397706001
93831000119104,IS_A,365230008
224969003,IS_A,106126000
224972005,IS_A,106126000
224973000,IS_A,106126000
224976008,IS_A,106126000
224975007,IS_A,224976008
224978009,IS_A,106126000
225009008,IS_A,106126000
225010003,IS_A,106126000
225011004,IS_A,106126000
225012006,IS_A,106126000
225013001,IS_A,106126000
225014007,IS_A,106126000
225015008,IS_A,106126000
225017000,IS_A,106126000
225018005,IS_A,106126000
225019002,IS_A,106126000
225457007,IS_A,106126000
247775003,IS_A,106126000
267076002,IS_A,106126000
271599002,IS_A,106126000
162728002,IS_A,162715009
162728002,IS_A,271599002
307048004,IS_A,106126000
307049007,IS_A,106126000
307075006,IS_A,106126000
16320008,IS_A,106126000
16962006,IS_A,106126000
23682002,IS_A,106126000
24199005,IS_A,106126000
247908007,IS_A,162221009
247908007,IS_A,24199005
247910009,IS_A,24199005
247910009,IS_A,162221009
284514000,IS_A,162221009
284514000,IS_A,24199005
162721008,IS_A,162715009
162721008,IS_A,24199005
33300005,IS_A,106023006
33300005,IS_A,106126000
13740005,IS_A,33300005
19391002,IS_A,33300005
59602008,IS_A,33300005
7571003,IS_A,106126000
247893006,IS_A,7571003
302759005,IS_A,7571003
302759005,IS_A,41189006
267097001,IS_A,7571003
225459005,IS_A,106126000
225458002,IS_A,225459005
247806005,IS_A,106126000
386816005,IS_A,106126000
284486006,IS_A,386816005
284487002,IS_A,284486006
309838005,IS_A,386816005
39178003,IS_A,386816005
76187003,IS_A,90415008
76187003,IS_A,386816005
224977004,IS_A,106126000
162718006,IS_A,162715009
162718006,IS_A,224977004
409068001,IS_A,106126000
424196004,IS_A,106126000
300943008,IS_A,424196004
162189001,IS_A,418799008
162189001,IS_A,424196004
162190005,IS_A,424196004
162724000,IS_A,162715009
162724000,IS_A,424196004
48694002,IS_A,106126000
279622009,IS_A,48694002
231507004,IS_A,279622009
129869000,IS_A,48694002
198288003,IS_A,48694002
207363009,IS_A,198288003
191708009,IS_A,198288003
191709001,IS_A,198288003
231506008,IS_A,198288003
386808001,IS_A,198288003
102913002,IS_A,386808001
102924000,IS_A,386808001
102925004,IS_A,386808001
102927007,IS_A,386808001
102928002,IS_A,386808001
102929005,IS_A,386808001
102930000,IS_A,386808001
102931001,IS_A,386808001
102932008,IS_A,386808001
110358001,IS_A,386808001
191733007,IS_A,386808001
198280005,IS_A,386808001
19887002,IS_A,386808001
231501003,IS_A,386808001
247854002,IS_A,386808001
271947006,IS_A,386808001
280947008,IS_A,386808001
313387002,IS_A,301354004
313387002,IS_A,386808001
34652008,IS_A,386808001
370567003,IS_A,386808001
38617005,IS_A,386808001
54307006,IS_A,386808001
58963008,IS_A,386808001
75007009,IS_A,386808001
440575001,IS_A,386808001
300895004,IS_A,48694002
35429005,IS_A,48694002
36646009,IS_A,35429005
5874002,IS_A,35429005
11458009,IS_A,35429005
79823003,IS_A,48694002
225624000,IS_A,79823003
231502005,IS_A,225624000
231503000,IS_A,225624000
395017009,IS_A,308921004
395017009,IS_A,225624000
417676004,IS_A,162723006
417676004,IS_A,225624000
80583007,IS_A,79823003
81350009,IS_A,48694002
162723006,IS_A,162715009
162723006,IS_A,48694002
386738004,IS_A,38276004
386738004,IS_A,106126000
449892005,IS_A,106126000
708891002,IS_A,106126000
713460009,IS_A,106126000
713460009,IS_A,78222005
106139001,IS_A,36456004
102943000,IS_A,106139001
192496000,IS_A,102943000
192498004,IS_A,192496000
268729004,IS_A,192496000
61921000119107,IS_A,102943000
67331009,IS_A,106139001
162219004,IS_A,67331009
224951007,IS_A,67331009
225623006,IS_A,67331009
286694005,IS_A,225623006
286695006,IS_A,225623006
112091009,IS_A,67331009
286703002,IS_A,67331009
286704008,IS_A,286703002
286705009,IS_A,286703002
286706005,IS_A,67331009
286707001,IS_A,286706005
286708006,IS_A,286706005
286709003,IS_A,67331009
286710008,IS_A,286709003
286711007,IS_A,286710008
286712000,IS_A,286710008
286713005,IS_A,286709003
286714004,IS_A,67331009
286715003,IS_A,286714004
286718001,IS_A,286715003
286716002,IS_A,286714004
286717006,IS_A,286714004
286719009,IS_A,67331009
286720003,IS_A,286719009
286721004,IS_A,286720003
286722006,IS_A,286720003
90716005,IS_A,286719009
286723001,IS_A,90716005
286724007,IS_A,90716005
286725008,IS_A,67331009
286727000,IS_A,286725008
286728005,IS_A,286725008
286729002,IS_A,286725008
286730007,IS_A,286725008
286731006,IS_A,286725008
286732004,IS_A,286725008
307080002,IS_A,286725008
286726009,IS_A,67331009
286733009,IS_A,286726009
286734003,IS_A,286726009
286735002,IS_A,67331009
286736001,IS_A,286735002
286739008,IS_A,67331009
286740005,IS_A,286739008
286741009,IS_A,286739008
286743007,IS_A,286739008
286744001,IS_A,67331009
286745000,IS_A,286744001
286746004,IS_A,286744001
286753008,IS_A,67331009
286754002,IS_A,286753008
286755001,IS_A,286753008
286757009,IS_A,286755001
286756000,IS_A,286753008
286758004,IS_A,67331009
286759007,IS_A,286758004
286760002,IS_A,286758004
286761003,IS_A,286758004
286762005,IS_A,67331009
286763000,IS_A,286762005
286764006,IS_A,286762005
286765007,IS_A,286762005
286766008,IS_A,286765007
704374004,IS_A,286762005
286767004,IS_A,67331009
286768009,IS_A,286767004
286769001,IS_A,286767004
286770000,IS_A,286767004
286771001,IS_A,67331009
286772008,IS_A,286771001
286773003,IS_A,286771001
286774009,IS_A,67331009
286775005,IS_A,286774009
286776006,IS_A,286774009
286777002,IS_A,67331009
286778007,IS_A,286777002
286779004,IS_A,286777002
286781002,IS_A,67331009
286782009,IS_A,286781002
286783004,IS_A,286781002
286784005,IS_A,286781002
32806003,IS_A,286781002
63395003,IS_A,32806003
70503004,IS_A,32806003
70503004,IS_A,3006004
286785006,IS_A,67331009
286787003,IS_A,286785006
286788008,IS_A,286785006
286796003,IS_A,286785006
286786007,IS_A,67331009
286789000,IS_A,286786007
286791008,IS_A,286786007
286795004,IS_A,286786007
40680004,IS_A,286786007
286797007,IS_A,67331009
286798002,IS_A,286797007
286800009,IS_A,286797007
39077006,IS_A,286797007
286801008,IS_A,67331009
286804000,IS_A,286801008
286805004,IS_A,286801008
69193009,IS_A,286801008
286806003,IS_A,69193009
286815005,IS_A,67331009
286816006,IS_A,286815005
286818007,IS_A,286816006
286817002,IS_A,286815005
286819004,IS_A,67331009
286820005,IS_A,286819004
286821009,IS_A,286819004
36389000,IS_A,286819004
286823007,IS_A,67331009
286824001,IS_A,286823007
286825000,IS_A,286823007
286826004,IS_A,286823007
286830001,IS_A,67331009
286836007,IS_A,67331009
286837003,IS_A,67331009
286839000,IS_A,67331009
286840003,IS_A,67331009
286841004,IS_A,286840003
286842006,IS_A,286840003
286843001,IS_A,67331009
286844007,IS_A,67331009
286845008,IS_A,67331009
286846009,IS_A,67331009
300944002,IS_A,67331009
309711009,IS_A,67331009
18117002,IS_A,67331009
19418005,IS_A,67331009
24209009,IS_A,67331009
37273005,IS_A,67331009
37335008,IS_A,67331009
38924009,IS_A,67331009
286827008,IS_A,38924009
39833003,IS_A,67331009
286831002,IS_A,39833003
286833004,IS_A,39833003
286834005,IS_A,39833003
286835006,IS_A,39833003
286838008,IS_A,39833003
52594007,IS_A,67331009
65797007,IS_A,67331009
69016002,IS_A,67331009
70630002,IS_A,67331009
286829006,IS_A,70630002
7267002,IS_A,67331009
76369008,IS_A,67331009
76804006,IS_A,67331009
83553004,IS_A,67331009
83781008,IS_A,67331009
85660004,IS_A,67331009
90434008,IS_A,67331009
162328000,IS_A,67331009
365398001,IS_A,67331009
286748003,IS_A,365398001
286749006,IS_A,365398001
286750006,IS_A,365398001
286751005,IS_A,286750006
286752003,IS_A,286750006
365409001,IS_A,67331009
224952000,IS_A,365409001
224954004,IS_A,365409001
224953005,IS_A,224954004
365420001,IS_A,67331009
286696007,IS_A,365420001
286697003,IS_A,365420001
286698008,IS_A,365420001
365431009,IS_A,67331009
286700004,IS_A,365431009
286701000,IS_A,365431009
286702007,IS_A,365431009
445179000,IS_A,67331009
224993008,IS_A,36456004
224979001,IS_A,224993008
224980003,IS_A,224993008
224982006,IS_A,224993008
224981004,IS_A,224982006
304852009,IS_A,224982006
304853004,IS_A,224982006
304854005,IS_A,224982006
304855006,IS_A,224982006
304856007,IS_A,224982006
304857003,IS_A,224982006
281770004,IS_A,224993008
281771000,IS_A,281770004
281772007,IS_A,281770004
281773002,IS_A,281770004
304866004,IS_A,224993008
304867008,IS_A,304866004
304868003,IS_A,304866004
304870007,IS_A,304868003
304871006,IS_A,304868003
304871006,IS_A,304869006
304872004,IS_A,304868003
304873009,IS_A,304868003
304869006,IS_A,304866004
304874003,IS_A,304866004
304875002,IS_A,304866004
304876001,IS_A,304866004
304877005,IS_A,304866004
304878000,IS_A,304866004
304895008,IS_A,224993008
304896009,IS_A,304895008
79210003,IS_A,118201000
79210003,IS_A,304895008
82814008,IS_A,304895008
82814008,IS_A,118201000
365927009,IS_A,224993008
78222005,IS_A,365927009
286682001,IS_A,78222005
130967001,IS_A,78222005
286662000,IS_A,365927009
286663005,IS_A,365927009
286664004,IS_A,365927009
286665003,IS_A,365927009
286667006,IS_A,365927009
286668001,IS_A,365927009
286669009,IS_A,365927009
286670005,IS_A,365927009
286671009,IS_A,365927009
286681008,IS_A,286671009
286672002,IS_A,365927009
286673007,IS_A,286672002
286674001,IS_A,365927009
286675000,IS_A,365927009
286676004,IS_A,365927009
286677008,IS_A,365927009
286678003,IS_A,365927009
286679006,IS_A,365927009
286680009,IS_A,365927009
286683006,IS_A,365927009
286684000,IS_A,365927009
286685004,IS_A,365927009
286686003,IS_A,365927009
286687007,IS_A,365927009
286688002,IS_A,365927009
286689005,IS_A,365927009
286691002,IS_A,365927009
48386003,IS_A,90415008
48386003,IS_A,365927009
224983001,IS_A,48386003
224984007,IS_A,48386003
224985008,IS_A,48386003
224986009,IS_A,48386003
224987000,IS_A,48386003
6349000,IS_A,41591006
6349000,IS_A,365927009
286666002,IS_A,6349000
64750001,IS_A,365927009
87305000,IS_A,365927009
224988005,IS_A,87305000
224989002,IS_A,87305000
224990006,IS_A,87305000
224991005,IS_A,87305000
110350008,IS_A,36456004
247699008,IS_A,36456004
106134006,IS_A,247699008
225453006,IS_A,106134006
7011001,IS_A,225453006
247740003,IS_A,7011001
247743001,IS_A,7011001
247744007,IS_A,7011001
247745008,IS_A,247744007
247745008,IS_A,45150006
247746009,IS_A,247744007
247746009,IS_A,64269007
247747000,IS_A,247744007
247747000,IS_A,39672001
247748005,IS_A,247744007
247748005,IS_A,85550003
247749002,IS_A,247744007
247749002,IS_A,66609003
247742006,IS_A,247744007
285799000,IS_A,7011001
307504004,IS_A,7011001
18966001,IS_A,7011001
19865006,IS_A,7011001
26433004,IS_A,7011001
29139005,IS_A,7011001
38190007,IS_A,7011001
39672001,IS_A,7011001
247736007,IS_A,39672001
247737003,IS_A,39672001
45150006,IS_A,7011001
247730001,IS_A,45150006
247644004,IS_A,247730001
277529000,IS_A,247730001
78595002,IS_A,277529000
277533007,IS_A,247730001
285742008,IS_A,277533007
307079000,IS_A,277533007
247731002,IS_A,45150006
247732009,IS_A,247731002
285743003,IS_A,247731002
5152006,IS_A,7011001
42996007,IS_A,5152006
57095008,IS_A,7011001
57553009,IS_A,7011001
61199005,IS_A,7011001
64269007,IS_A,7011001
247733004,IS_A,64269007
247734005,IS_A,64269007
247735006,IS_A,247734005
285744009,IS_A,247734005
285745005,IS_A,247734005
285746006,IS_A,285745005
285747002,IS_A,247734005
416943009,IS_A,64269007
416943009,IS_A,418799008
66609003,IS_A,7011001
15037002,IS_A,66609003
403600002,IS_A,102602003
403600002,IS_A,15037002
70720002,IS_A,7011001
73917004,IS_A,7011001
82116008,IS_A,7011001
8488006,IS_A,7011001
85550003,IS_A,7011001
247738008,IS_A,85550003
247739000,IS_A,85550003
416571005,IS_A,7011001
417633001,IS_A,7011001
445112001,IS_A,7011001
44780000,IS_A,445112001
69690008,IS_A,445112001
247702001,IS_A,225453006
247703006,IS_A,247702001
225454000,IS_A,106134006
246650003,IS_A,225454000
247705004,IS_A,225454000
247708002,IS_A,225454000
247709005,IS_A,247708002
247710000,IS_A,247709005
247711001,IS_A,247708002
247712008,IS_A,225454000
247721009,IS_A,247712008
289174003,IS_A,247712008
247713003,IS_A,289174003
247714009,IS_A,247713003
247716006,IS_A,289174003
247717002,IS_A,247716006
247718007,IS_A,247716006
247719004,IS_A,247716006
247720005,IS_A,289174003
247722002,IS_A,289174003
247723007,IS_A,225454000
247724001,IS_A,247723007
247725000,IS_A,247723007
247700009,IS_A,106134006
26112003,IS_A,106134006
17491008,IS_A,26112003
2301009,IS_A,26112003
37057007,IS_A,26112003
191948007,IS_A,37057007
191954008,IS_A,37057007
191955009,IS_A,37057007
191956005,IS_A,37057007
191975000,IS_A,37057007
191977008,IS_A,191975000
191978003,IS_A,191975000
405788002,IS_A,37057007
66551002,IS_A,36480000
66551002,IS_A,37057007
236667007,IS_A,37057007
7956006,IS_A,37057007
442099003,IS_A,84229001
442099003,IS_A,37057007
442183006,IS_A,9748009
442183006,IS_A,37057007
153261000119109,IS_A,37057007
153261000119109,IS_A,248791002
45505004,IS_A,26112003
36480000,IS_A,106134006
102940002,IS_A,36480000
13127006,IS_A,36480000
16039007,IS_A,36480000
27816006,IS_A,36480000
39638009,IS_A,36480000
40806005,IS_A,36480000
247728003,IS_A,40806005
247729006,IS_A,40806005
51491004,IS_A,36480000
79499004,IS_A,36480000
247726004,IS_A,79499004
247727008,IS_A,79499004
307050007,IS_A,79499004
80490004,IS_A,36480000
8971008,IS_A,36480000
307199009,IS_A,8971008
51470007,IS_A,106134006
130985008,IS_A,106147001
130985008,IS_A,106134006
112105008,IS_A,106151004
112105008,IS_A,130985008
247320008,IS_A,112105008
247320008,IS_A,301194006
247321007,IS_A,112105008
247321007,IS_A,301194006
44525005,IS_A,112105008
32422007,IS_A,20930002
32422007,IS_A,106022001
32422007,IS_A,130985008
129860001,IS_A,130985008
130984007,IS_A,130985008
131182003,IS_A,130985008
131182003,IS_A,162274004
131182003,IS_A,699697007
425403003,IS_A,130985008
288041000119101,IS_A,106134006
112090005,IS_A,247699008
112090005,IS_A,106136008
271723009,IS_A,247699008
271723009,IS_A,42341009
281110002,IS_A,271723009
285761007,IS_A,281110002
285762000,IS_A,281110002
25094008,IS_A,281110002
285757001,IS_A,271723009
285758006,IS_A,271723009
43659006,IS_A,271723009
229749000,IS_A,43659006
57948007,IS_A,271723009
8480004,IS_A,271723009
86819001,IS_A,271723009
271892003,IS_A,247699008
272745007,IS_A,247699008
281111003,IS_A,63384009
281111003,IS_A,247699008
285760008,IS_A,281111003
285760008,IS_A,42341009
1943009,IS_A,246562007
1943009,IS_A,281111003
1943009,IS_A,62476001
1943009,IS_A,106165002
20930002,IS_A,42341009
20930002,IS_A,281111003
24500009,IS_A,281111003
24500009,IS_A,42341009
3449007,IS_A,281111003
3449007,IS_A,42341009
63437008,IS_A,42341009
63437008,IS_A,281111003
285770005,IS_A,247699008
225431009,IS_A,285770005
365518001,IS_A,225431009
285156004,IS_A,365518001
285159006,IS_A,365529002
285159006,IS_A,285156004
285163004,IS_A,365540005
285163004,IS_A,285156004
285157008,IS_A,365518001
285164005,IS_A,365540005
285164005,IS_A,285157008
285161002,IS_A,365529002
285161002,IS_A,285157008
365529002,IS_A,365518001
365540005,IS_A,365518001
365551005,IS_A,225431009
285173002,IS_A,365551005
285182008,IS_A,365562005
285182008,IS_A,285173002
285174008,IS_A,365551005
285183003,IS_A,365562005
285183003,IS_A,285174008
365562005,IS_A,365551005
365572008,IS_A,225431009
285185005,IS_A,365572008
285186006,IS_A,365572008
365583004,IS_A,225431009
285176005,IS_A,365583004
285177001,IS_A,365583004
365594000,IS_A,225431009
225666004,IS_A,365594000
365606002,IS_A,365594000
285170004,IS_A,365606002
285168008,IS_A,365617001
285168008,IS_A,285170004
285171000,IS_A,365606002
285169000,IS_A,365617001
285169000,IS_A,285171000
365617001,IS_A,365606002
365628002,IS_A,365594000
285773007,IS_A,365628002
285774001,IS_A,365628002
365639004,IS_A,225431009
225434001,IS_A,365639004
225435000,IS_A,225434001
225664001,IS_A,225434001
225665000,IS_A,365639004
365650001,IS_A,225431009
285779006,IS_A,365650001
285790001,IS_A,365661009
285790001,IS_A,285779006
285780009,IS_A,365650001
285791002,IS_A,365661009
285791002,IS_A,285780009
90406001,IS_A,106167005
90406001,IS_A,365650001
365661009,IS_A,365650001
716439008,IS_A,225431009
716440005,IS_A,225431009
365387002,IS_A,285770005
285796007,IS_A,365387002
285797003,IS_A,365387002
21001001,IS_A,247699008
21001001,IS_A,106136008
28249008,IS_A,247699008
28249008,IS_A,106136008
313005,IS_A,106136008
313005,IS_A,247699008
49229003,IS_A,106136008
49229003,IS_A,247699008
247701008,IS_A,247699008
247704000,IS_A,247701008
247707007,IS_A,247701008
706876006,IS_A,247699008
271721006,IS_A,36456004
112077003,IS_A,62476001
112077003,IS_A,271721006
163928003,IS_A,162715009
163928003,IS_A,271721006
273760003,IS_A,36456004
274675006,IS_A,36456004
276289005,IS_A,36456004
276290001,IS_A,276289005
276291002,IS_A,276289005
276292009,IS_A,276289005
276293004,IS_A,276289005
276294005,IS_A,276289005
276294005,IS_A,106136008
276295006,IS_A,276289005
279314007,IS_A,36456004
280429009,IS_A,279314007
280430004,IS_A,279314007
279315008,IS_A,36456004
279315008,IS_A,53686002
280427006,IS_A,279315008
280428001,IS_A,279315008
307083000,IS_A,36456004
307083000,IS_A,365715000
311538008,IS_A,307083000
311538008,IS_A,365726006
311541004,IS_A,365737007
311541004,IS_A,307083000
307088009,IS_A,365748000
307088009,IS_A,36456004
307088009,IS_A,307084006
307089001,IS_A,36456004
307089001,IS_A,365748000
307089001,IS_A,307085007
311470005,IS_A,36456004
247663003,IS_A,311470005
427645006,IS_A,247663003
427161009,IS_A,247663003
426224004,IS_A,247663003
426794005,IS_A,247663003
62476001,IS_A,311470005
19657006,IS_A,62476001
39538002,IS_A,62476001
62766000,IS_A,62476001
66797003,IS_A,62476001
72440003,IS_A,62476001
247664009,IS_A,72440003
247665005,IS_A,247664009
130964008,IS_A,62476001
130964008,IS_A,704488001
130964008,IS_A,386806002
163608000,IS_A,162715009
163608000,IS_A,62476001
311539000,IS_A,365726006
311539000,IS_A,36456004
311539000,IS_A,307084006
311540003,IS_A,36456004
311540003,IS_A,365726006
311540003,IS_A,307085007
311542006,IS_A,365737007
311542006,IS_A,36456004
311542006,IS_A,307084006
311543001,IS_A,36456004
311543001,IS_A,365737007
311543001,IS_A,307085007
365441007,IS_A,36456004
106121005,IS_A,365441007
112076007,IS_A,106121005
26413003,IS_A,106121005
277521002,IS_A,26413003
31614008,IS_A,106121005
47914002,IS_A,106121005
64423005,IS_A,106121005
86808004,IS_A,106121005
89598003,IS_A,106121005
110476007,IS_A,300233000
110476007,IS_A,106121005
365452001,IS_A,365441007
225472006,IS_A,365452001
225473001,IS_A,365452001
247757004,IS_A,365452001
365462008,IS_A,365441007
225468007,IS_A,365462008
225469004,IS_A,365462008
225470003,IS_A,365462008
225471004,IS_A,365462008
247753000,IS_A,365462008
417523004,IS_A,247753000
247755007,IS_A,365462008
134418002,IS_A,365462008
713566001,IS_A,365462008
365473001,IS_A,365441007
225465005,IS_A,365473001
225466006,IS_A,365473001
365484008,IS_A,365441007
225462008,IS_A,365484008
225463003,IS_A,365484008
704340003,IS_A,365484008
704341004,IS_A,365484008
704342006,IS_A,365484008
704343001,IS_A,365484008
704344007,IS_A,365484008
714669006,IS_A,365484008
365496001,IS_A,365441007
247758009,IS_A,365496001
276306002,IS_A,365496001
365507001,IS_A,365441007
284475009,IS_A,365507001
705000008,IS_A,365507001
415241007,IS_A,365441007
427160005,IS_A,415241007
427160005,IS_A,284530008
427160005,IS_A,118228005
426798008,IS_A,415241007
426798008,IS_A,365860008
427362008,IS_A,415241007
427362008,IS_A,365949003
427243007,IS_A,415241007
426282002,IS_A,415241007
426502000,IS_A,415241007
426116001,IS_A,415241007
426839005,IS_A,415241007
426049007,IS_A,415241007
425818007,IS_A,415241007
425818007,IS_A,365860008
425886001,IS_A,415241007
425886001,IS_A,118228005
426533003,IS_A,415241007
425653002,IS_A,415241007
427448000,IS_A,415241007
427448000,IS_A,365929007
425959000,IS_A,415241007
425726009,IS_A,415241007
426251001,IS_A,415241007
426251001,IS_A,844005
426770005,IS_A,415241007
427305007,IS_A,415241007
425507004,IS_A,415241007
425507004,IS_A,365949003
425515001,IS_A,415241007
425515001,IS_A,365947001
365928004,IS_A,36456004
267072000,IS_A,365928004
413307004,IS_A,365928004
427867005,IS_A,365928004
365929007,IS_A,36456004
106167005,IS_A,365929007
248218005,IS_A,106167005
248218005,IS_A,365930002
11764003,IS_A,106167005
83779006,IS_A,106167005
86652009,IS_A,106167005
88962006,IS_A,247640008
88962006,IS_A,106167005
365931003,IS_A,106167005
271591004,IS_A,365931003
162701007,IS_A,162700008
162701007,IS_A,271591004
3006004,IS_A,365931003
248223005,IS_A,3006004
248226002,IS_A,3006004
248227006,IS_A,3006004
248228001,IS_A,3006004
271782001,IS_A,3006004
271782001,IS_A,106168000
271782001,IS_A,365930002
313432002,IS_A,31758001
313432002,IS_A,271782001
315243006,IS_A,271782001
267088000,IS_A,271782001
372947007,IS_A,271782001
162704004,IS_A,162700008
162704004,IS_A,271782001
272026007,IS_A,308921004
272026007,IS_A,271782001
141000119100,IS_A,271782001
271783006,IS_A,3006004
162705003,IS_A,162700008
162705003,IS_A,271783006
285741001,IS_A,3006004
31804002,IS_A,3006004
34951003,IS_A,3006004
40917007,IS_A,3006004
40917007,IS_A,365933000
281793005,IS_A,40917007
19129003,IS_A,40917007
89458003,IS_A,40917007
130987000,IS_A,40917007
130988005,IS_A,40917007
248225003,IS_A,40917007
416865008,IS_A,162700008
416865008,IS_A,40917007
248224004,IS_A,40917007
703464007,IS_A,40917007
703453009,IS_A,703464007
703453009,IS_A,418799008
90172009,IS_A,3006004
386705008,IS_A,3006004
386705008,IS_A,82832008
386705008,IS_A,365275006
81879005,IS_A,3006004
419567006,IS_A,3006004
162703005,IS_A,162700008
162703005,IS_A,419567006
17971005,IS_A,3006004
418107008,IS_A,3006004
268913004,IS_A,162700008
268913004,IS_A,418107008
443371007,IS_A,3006004
419045004,IS_A,443371007
32834005,IS_A,419045004
40863000,IS_A,419045004
7862002,IS_A,419045004
275946007,IS_A,162700008
275946007,IS_A,419045004
248221007,IS_A,365931003
248222000,IS_A,365931003
162700008,IS_A,162715009
162700008,IS_A,365931003
162707006,IS_A,162700008
417473004,IS_A,162700008
365930002,IS_A,365929007
248220008,IS_A,106168000
248220008,IS_A,365930002
365933000,IS_A,365929007
248234008,IS_A,365933000
406124004,IS_A,365933000
409083006,IS_A,365933000
247763008,IS_A,409083006
247765001,IS_A,409083006
247766000,IS_A,409083006
247767009,IS_A,409083006
247768004,IS_A,409083006
247769007,IS_A,409083006
76039005,IS_A,409083006
247761005,IS_A,76039005
247761005,IS_A,365759009
247762003,IS_A,247761005
22058002,IS_A,76039005
25124003,IS_A,76039005
26329005,IS_A,76039005
26329005,IS_A,365759009
28102002,IS_A,76039005
28102002,IS_A,28277004
247764002,IS_A,28102002
163616009,IS_A,271893008
163616009,IS_A,162715009
163616009,IS_A,28102002
46991000,IS_A,76039005
248235009,IS_A,55956009
248235009,IS_A,46991000
60032008,IS_A,76039005
60032008,IS_A,365759009
86713007,IS_A,76039005
130965009,IS_A,76039005
425248002,IS_A,76039005
142261000119100,IS_A,76039005
142261000119100,IS_A,386806002
142261000119100,IS_A,704426000
365080005,IS_A,409083006
288769005,IS_A,365080005
288769005,IS_A,118231006
288770006,IS_A,365080005
288770006,IS_A,118231006
288771005,IS_A,365080005
288771005,IS_A,118231006
288772003,IS_A,365080005
288772003,IS_A,118231006
288773008,IS_A,365080005
288773008,IS_A,118231006
716443007,IS_A,409083006
716452003,IS_A,409083006
716403002,IS_A,409083006
248236005,IS_A,365933000
419723007,IS_A,365933000
422768004,IS_A,365933000
704426000,IS_A,365933000
225440008,IS_A,365298003
225440008,IS_A,36456004
225662002,IS_A,365298003
225662002,IS_A,36456004
225439006,IS_A,225662002
247622009,IS_A,225662002
247647006,IS_A,225662002
285241002,IS_A,225662002
285245006,IS_A,365342001
285245006,IS_A,36456004
285247003,IS_A,365342001
285247003,IS_A,36456004
285251001,IS_A,365364005
285251001,IS_A,36456004
285253003,IS_A,285251001
285254009,IS_A,285251001
285256006,IS_A,365320002
285256006,IS_A,36456004
285260009,IS_A,365375009
285260009,IS_A,36456004
302760000,IS_A,365276007
302760000,IS_A,36456004
285303006,IS_A,302760000
28810003,IS_A,302760000
28810003,IS_A,55346003
304656009,IS_A,365704005
304656009,IS_A,36456004
304656009,IS_A,304643002
304657000,IS_A,365704005
304657000,IS_A,36456004
304657000,IS_A,304644008
304661006,IS_A,365693001
304661006,IS_A,36456004
304661006,IS_A,304643002
304662004,IS_A,365693001
304662004,IS_A,36456004
304662004,IS_A,304644008
304665002,IS_A,365682003
304665002,IS_A,36456004
304665002,IS_A,304643002
304666001,IS_A,365682003
304666001,IS_A,36456004
304666001,IS_A,304644008
406557007,IS_A,36456004
281136009,IS_A,365331005
281136009,IS_A,36456004
419284004,IS_A,36456004
228150001,IS_A,419284004
433082007,IS_A,419284004
162715009,IS_A,271880003
162715009,IS_A,36456004
162716005,IS_A,162715009
162725004,IS_A,162715009
163615008,IS_A,271893008
163615008,IS_A,162715009
416611006,IS_A,162715009
416611006,IS_A,225452001
416890005,IS_A,416611006
416890005,IS_A,216004
416445008,IS_A,162715009
417014005,IS_A,416445008
417007008,IS_A,416445008
275973008,IS_A,162715009
12479006,IS_A,36456004
12479006,IS_A,844005
247963001,IS_A,12479006
247964007,IS_A,12479006
247965008,IS_A,12479006
247966009,IS_A,247965008
247967000,IS_A,12479006
247968005,IS_A,12479006
247968005,IS_A,248025009
247969002,IS_A,12479006
247970001,IS_A,12479006
247971002,IS_A,12479006
247972009,IS_A,12479006
284525009,IS_A,12479006
2541004,IS_A,12479006
67431008,IS_A,12479006
78990003,IS_A,12479006
371078007,IS_A,289136006
371078007,IS_A,12479006
416661002,IS_A,12479006
416993008,IS_A,416661002
130972005,IS_A,12479006
130972005,IS_A,25786006
14512007,IS_A,130972005
14883001,IS_A,118220003
14883001,IS_A,73744004
14883001,IS_A,130972005
4070001,IS_A,130972005
43359000,IS_A,130972005
66658004,IS_A,118219009
66658004,IS_A,73744004
66658004,IS_A,130972005
231511005,IS_A,112082005
231511005,IS_A,12479006
32709003,IS_A,12479006
41784005,IS_A,32709003
85758008,IS_A,32709003
274647009,IS_A,36456004
73595000,IS_A,36456004
102497008,IS_A,73595000
55539008,IS_A,73595000
224974006,IS_A,73595000
23085004,IS_A,224974006
424582000,IS_A,23085004
79365001,IS_A,224974006
422761005,IS_A,73595000
442347009,IS_A,73595000
166491000119100,IS_A,73595000
609585002,IS_A,36456004
716421004,IS_A,36456004
373930000,IS_A,384821006
106136008,IS_A,373930000
102941003,IS_A,106136008
225036005,IS_A,106136008
17842005,IS_A,225036005
276244009,IS_A,2073000
276244009,IS_A,17842005
283880001,IS_A,17842005
283881002,IS_A,17842005
225443005,IS_A,106136008
247602005,IS_A,106136008
247605007,IS_A,106136008
283882009,IS_A,106136008
225033002,IS_A,283882009
283883004,IS_A,225033002
365848007,IS_A,283883004
311407009,IS_A,365848007
311476004,IS_A,365848007
283902008,IS_A,225033002
423698005,IS_A,225033002
422713003,IS_A,225033002
225042009,IS_A,283882009
225041002,IS_A,225042009
247618004,IS_A,283882009
365906004,IS_A,247618004
365906004,IS_A,365888002
165280004,IS_A,365906004
165281000,IS_A,365906004
365907008,IS_A,247618004
165283002,IS_A,365907008
165284008,IS_A,365907008
365908003,IS_A,247618004
165286005,IS_A,365908003
165287001,IS_A,365908003
365909006,IS_A,247618004
365909006,IS_A,365888002
165289003,IS_A,365909006
165290007,IS_A,365909006
365911002,IS_A,247618004
365911002,IS_A,365888002
165293009,IS_A,365911002
365912009,IS_A,247618004
365912009,IS_A,365888002
165295002,IS_A,365912009
165296001,IS_A,365912009
365913004,IS_A,247618004
165298000,IS_A,365913004
165299008,IS_A,365913004
365914005,IS_A,247618004
165301001,IS_A,365914005
165302008,IS_A,365914005
365915006,IS_A,247618004
165304009,IS_A,365915006
165305005,IS_A,365915006
365916007,IS_A,247618004
165307002,IS_A,365916007
165308007,IS_A,365916007
365859003,IS_A,283882009
247590001,IS_A,365859003
247592009,IS_A,365859003
247593004,IS_A,247592009
247594005,IS_A,247592009
247595006,IS_A,247592009
247596007,IS_A,247595006
247597003,IS_A,247595006
247598008,IS_A,247595006
247599000,IS_A,247595006
247600002,IS_A,247595006
423864004,IS_A,247595006
33254005,IS_A,365859003
33254005,IS_A,106022001
365869009,IS_A,365859003
365875000,IS_A,365869009
285207005,IS_A,365875000
285208000,IS_A,365875000
365885004,IS_A,365869009
285211004,IS_A,365885004
285212006,IS_A,365885004
365886003,IS_A,365859003
365887007,IS_A,365886003
285209008,IS_A,365887007
285210003,IS_A,365887007
365888002,IS_A,283882009
247587007,IS_A,365888002
247588002,IS_A,365888002
365890001,IS_A,365888002
247612003,IS_A,365890001
247614002,IS_A,365890001
247615001,IS_A,365890001
247616000,IS_A,365890001
275278005,IS_A,365890001
365891002,IS_A,365890001
285187002,IS_A,365891002
285188007,IS_A,365891002
165292004,IS_A,285188007
365892009,IS_A,365890001
247613008,IS_A,365892009
285189004,IS_A,365892009
365893004,IS_A,365890001
285190008,IS_A,365893004
285191007,IS_A,365893004
365894005,IS_A,365890001
247608009,IS_A,365894005
285205002,IS_A,365894005
365895006,IS_A,365890001
285193005,IS_A,365895006
285194004,IS_A,365895006
365896007,IS_A,365890001
285196002,IS_A,365896007
285197006,IS_A,365896007
365897003,IS_A,365890001
247609001,IS_A,365897003
285198001,IS_A,365897003
365898008,IS_A,365890001
247610006,IS_A,365898008
285199009,IS_A,365898008
365899000,IS_A,283882009
285224004,IS_A,365899000
285225003,IS_A,365899000
365900005,IS_A,283882009
285227006,IS_A,365900005
285228001,IS_A,365900005
85173004,IS_A,285228001
365901009,IS_A,283882009
285229009,IS_A,365901009
285230004,IS_A,365901009
365902002,IS_A,283882009
285218005,IS_A,365902002
285220008,IS_A,365903007
285220008,IS_A,285218005
285222000,IS_A,365904001
285222000,IS_A,285218005
285219002,IS_A,365902002
285223005,IS_A,365904001
285223005,IS_A,285219002
285221007,IS_A,365903007
285221007,IS_A,285219002
365903007,IS_A,365902002
365904001,IS_A,365902002
365905000,IS_A,283882009
247603000,IS_A,365905000
285213001,IS_A,365905000
285214007,IS_A,365905000
285215008,IS_A,365905000
413088002,IS_A,283882009
413089005,IS_A,283882009
716442002,IS_A,283882009
55050000,IS_A,106136008
365917003,IS_A,106136008
365918008,IS_A,365917003
365919000,IS_A,365918008
283995000,IS_A,365919000
311533004,IS_A,365919000
365920006,IS_A,106136008
225034008,IS_A,365920006
283989001,IS_A,365920006
285216009,IS_A,283989001
283990005,IS_A,365920006
283997008,IS_A,365920006
386807006,IS_A,106136008
386807006,IS_A,386806002
162200009,IS_A,267070008
162200009,IS_A,386807006
307413004,IS_A,162200009
192071009,IS_A,386807006
225038006,IS_A,386807006
225037001,IS_A,225038006
225039003,IS_A,386807006
26581009,IS_A,386807006
283878007,IS_A,386807006
32541007,IS_A,386807006
48167000,IS_A,386807006
230736007,IS_A,48167000
247607004,IS_A,48167000
247611005,IS_A,48167000
42176003,IS_A,48167000
51921000,IS_A,48167000
275277000,IS_A,51921000
6149008,IS_A,48167000
88822006,IS_A,48167000
395689002,IS_A,48167000
55533009,IS_A,386807006
416106008,IS_A,386807006
416687002,IS_A,106136008
106138009,IS_A,373930000
224998004,IS_A,106138009
247617009,IS_A,106138009
161129001,IS_A,247617009
116340000,IS_A,106138009
116340000,IS_A,386806002
76789006,IS_A,116340000
50829006,IS_A,106138009
50829006,IS_A,55607006
23766009,IS_A,50829006
26439000,IS_A,50829006
45418009,IS_A,29164008
45418009,IS_A,50829006
46781003,IS_A,50829006
4721006,IS_A,50829006
81511006,IS_A,50829006
54407007,IS_A,106138009
247619007,IS_A,373930000
225436004,IS_A,247619007
225442000,IS_A,247619007
225441007,IS_A,225442000
225447006,IS_A,247619007
247695002,IS_A,247619007
307078008,IS_A,247695002
307078008,IS_A,2073000
276236009,IS_A,307078008
276237000,IS_A,307078008
276238005,IS_A,307078008
276240000,IS_A,307078008
50543005,IS_A,247695002
50543005,IS_A,55956009
86917003,IS_A,247695002
86917003,IS_A,55956009
87076008,IS_A,55956009
87076008,IS_A,247695002
26628009,IS_A,247619007
2496007,IS_A,26628009
163929006,IS_A,271880003
163929006,IS_A,2496007
55640002,IS_A,26628009
55956009,IS_A,26628009
112088009,IS_A,55956009
42688000,IS_A,55956009
225001006,IS_A,42688000
225001006,IS_A,247632002
247634001,IS_A,42688000
247634001,IS_A,247632002
247635000,IS_A,247632002
247635000,IS_A,42688000
247635000,IS_A,248094001
247636004,IS_A,42688000
247636004,IS_A,247632002
247637008,IS_A,247636004
247638003,IS_A,247636004
276360005,IS_A,247636004
247776002,IS_A,42688000
247776002,IS_A,247632002
276303005,IS_A,247776002
276304004,IS_A,247776002
276305003,IS_A,247776002
44906001,IS_A,55956009
50532002,IS_A,55956009
53297005,IS_A,55956009
56435009,IS_A,55956009
56435009,IS_A,365287004
71426002,IS_A,55956009
79427009,IS_A,55956009
83507006,IS_A,55956009
225445003,IS_A,83507006
225449009,IS_A,83507006
225661009,IS_A,83507006
225446002,IS_A,225661009
285276000,IS_A,225661009
247621002,IS_A,83507006
247632002,IS_A,83507006
247633007,IS_A,247632002
247651008,IS_A,83507006
247652001,IS_A,247651008
247652001,IS_A,365964003
285268002,IS_A,285263006
285268002,IS_A,247652001
285269005,IS_A,285268002
247653006,IS_A,83507006
247654000,IS_A,83507006
247655004,IS_A,83507006
247658002,IS_A,83507006
247624005,IS_A,247658002
285261008,IS_A,83507006
285262001,IS_A,285261008
285263006,IS_A,285261008
225450009,IS_A,285263006
225450009,IS_A,424241004
285267007,IS_A,285263006
285264000,IS_A,285261008
285265004,IS_A,285261008
285270006,IS_A,285265004
285271005,IS_A,285265004
285272003,IS_A,285265004
285273008,IS_A,285272003
285274002,IS_A,285265004
285266003,IS_A,285261008
285266003,IS_A,7684004
285275001,IS_A,285266003
162314006,IS_A,285261008
102911000,IS_A,162314006
6471006,IS_A,102911000
247650009,IS_A,6471006
304594002,IS_A,6471006
267073005,IS_A,304594002
425104003,IS_A,844005
425104003,IS_A,304594002
711561004,IS_A,425104003
401229000,IS_A,102911000
401230005,IS_A,401229000
401231009,IS_A,401229000
14003003,IS_A,83507006
2073000,IS_A,83507006
225452001,IS_A,2073000
216004,IS_A,225452001
225451008,IS_A,216004
225660005,IS_A,216004
247667002,IS_A,2073000
247668007,IS_A,247667002
247669004,IS_A,247667002
247670003,IS_A,247667002
247671004,IS_A,2073000
247683002,IS_A,2073000
247684008,IS_A,2073000
247686005,IS_A,247684008
247688006,IS_A,2073000
89809008,IS_A,247688006
247689003,IS_A,247688006
276243003,IS_A,2073000
285277009,IS_A,2073000
12332005,IS_A,2073000
28116007,IS_A,2073000
247691006,IS_A,28116007
247692004,IS_A,28116007
247693009,IS_A,28116007
3185000,IS_A,2073000
40277007,IS_A,2073000
41189006,IS_A,2073000
53108004,IS_A,2073000
53138005,IS_A,2073000
58585005,IS_A,2073000
64514005,IS_A,2073000
247680004,IS_A,64514005
247675008,IS_A,64514005
247676009,IS_A,64514005
247677000,IS_A,64514005
247678005,IS_A,64514005
247696001,IS_A,64514005
67348001,IS_A,2073000
77303001,IS_A,2073000
247687001,IS_A,77303001
82791007,IS_A,2073000
82870007,IS_A,2073000
8330006,IS_A,2073000
247679002,IS_A,2073000
424040008,IS_A,2073000
78205008,IS_A,83507006
162315007,IS_A,78205008
712759008,IS_A,78205008
81215003,IS_A,83507006
86110000,IS_A,83507006
67698009,IS_A,86110000
247879004,IS_A,67698009
247880001,IS_A,247879004
247881002,IS_A,247879004
247882009,IS_A,247879004
247883004,IS_A,67698009
247884005,IS_A,247883004
271559000,IS_A,67698009
247876006,IS_A,271559000
247878007,IS_A,271559000
271953006,IS_A,67698009
247877002,IS_A,271953006
247872008,IS_A,67698009
247873003,IS_A,247872008
247874009,IS_A,247872008
247875005,IS_A,247872008
247885006,IS_A,67698009
247631009,IS_A,86110000
86597007,IS_A,83507006
86597007,IS_A,41591006
247623004,IS_A,83507006
365309002,IS_A,83507006
225448001,IS_A,365309002
40077001,IS_A,41591006
40077001,IS_A,365309002
7684004,IS_A,365309002
7684004,IS_A,41591006
285294006,IS_A,7684004
285295007,IS_A,7684004
417233008,IS_A,83507006
365252004,IS_A,247619007
311535006,IS_A,365252004
78633001,IS_A,365252004
247643005,IS_A,365252004
247646002,IS_A,365252004
365264007,IS_A,365252004
2899008,IS_A,365264007
2899008,IS_A,41591006
365276007,IS_A,365264007
247627003,IS_A,365276007
285242009,IS_A,247627003
285243004,IS_A,247627003
51474003,IS_A,365276007
51474003,IS_A,41591006
365287004,IS_A,365264007
247620001,IS_A,365287004
247630005,IS_A,247620001
365298003,IS_A,365252004
247640008,IS_A,365298003
247641007,IS_A,247640008
41591006,IS_A,365252004
102910004,IS_A,41591006
247648001,IS_A,41591006
18343006,IS_A,247648001
9288000,IS_A,247648001
20517006,IS_A,41591006
25462005,IS_A,246654007
25462005,IS_A,41591006
26243003,IS_A,41591006
30199009,IS_A,41591006
34883005,IS_A,41591006
39416002,IS_A,41591006
40907002,IS_A,41591006
40907002,IS_A,289198005
41435003,IS_A,41591006
55346003,IS_A,41435003
65135009,IS_A,55346003
4364002,IS_A,41591006
44515000,IS_A,41591006
44515000,IS_A,106133000
54501006,IS_A,41591006
54501006,IS_A,289198005
61861001,IS_A,41591006
64336009,IS_A,41591006
71573006,IS_A,365342001
71573006,IS_A,41591006
74396008,IS_A,41591006
7865000,IS_A,41591006
88293003,IS_A,41591006
365331005,IS_A,41591006
365331005,IS_A,118228005
247657007,IS_A,365331005
424100000,IS_A,365331005
716454002,IS_A,365252004
365320002,IS_A,247619007
285257002,IS_A,365320002
247661001,IS_A,285257002
247662008,IS_A,285257002
365342001,IS_A,247619007
285246007,IS_A,365342001
285248008,IS_A,365342001
285249000,IS_A,365342001
365353007,IS_A,247619007
365353007,IS_A,118228005
365364005,IS_A,365353007
285252008,IS_A,365364005
285255005,IS_A,285252008
285255005,IS_A,285286004
365375009,IS_A,365353007
247887003,IS_A,365375009
285286004,IS_A,247887003
285286004,IS_A,56895003
225437008,IS_A,247619007
365672004,IS_A,373930000
365672004,IS_A,118228005
110355003,IS_A,365672004
110355003,IS_A,386806002
304642007,IS_A,365672004
304660007,IS_A,365693001
304660007,IS_A,304642007
304655008,IS_A,365704005
304655008,IS_A,304642007
304664003,IS_A,365682003
304664003,IS_A,304642007
304643002,IS_A,365672004
304644008,IS_A,365672004
423324006,IS_A,304644008
365682003,IS_A,365672004
365693001,IS_A,365672004
365704005,IS_A,365672004
365803008,IS_A,373930000
365803008,IS_A,118228005
304646005,IS_A,365803008
304647001,IS_A,365803008
304648006,IS_A,365803008
365715000,IS_A,373930000
365715000,IS_A,118228005
307084006,IS_A,365715000
307085007,IS_A,365715000
4941000175101,IS_A,307085007
365726006,IS_A,365715000
365737007,IS_A,365715000
365748000,IS_A,365715000
307087004,IS_A,365748000
365770002,IS_A,373930000
365770002,IS_A,118228005
285628005,IS_A,365770002
285629002,IS_A,365770002
285630007,IS_A,365770002
365792003,IS_A,373930000
365792003,IS_A,284530008
365792003,IS_A,118228005
309251006,IS_A,365792003
309252004,IS_A,365792003
309253009,IS_A,365792003
365926000,IS_A,373930000
247582001,IS_A,365926000
422742006,IS_A,247582001
385337002,IS_A,373930000
385337002,IS_A,118228005
395662007,IS_A,385337002
395663002,IS_A,385337002
395664008,IS_A,385337002
716464006,IS_A,385337002
716465007,IS_A,385337002
716466008,IS_A,385337002
716478007,IS_A,385337002
716479004,IS_A,385337002
716480001,IS_A,385337002
716481002,IS_A,385337002
716482009,IS_A,385337002
716483004,IS_A,385337002
716484005,IS_A,385337002
716485006,IS_A,385337002
716490009,IS_A,385337002
716491008,IS_A,385337002
716492001,IS_A,385337002
716493006,IS_A,385337002
716494000,IS_A,385337002
716495004,IS_A,385337002
716496003,IS_A,385337002
716497007,IS_A,385337002
716474009,IS_A,385337002
716475005,IS_A,385337002
716476006,IS_A,385337002
716477002,IS_A,385337002
716498002,IS_A,385337002
716499005,IS_A,385337002
716500001,IS_A,385337002
716501002,IS_A,385337002
716502009,IS_A,385337002
716503004,IS_A,385337002
716504005,IS_A,385337002
397640006,IS_A,373930000
54777007,IS_A,397640006
129862009,IS_A,54777007
129863004,IS_A,54777007
129864005,IS_A,54777007
129865006,IS_A,54777007
129866007,IS_A,54777007
129866007,IS_A,422979000
182891003,IS_A,129866007
408364003,IS_A,129866007
129867003,IS_A,54777007
129868008,IS_A,54777007
704377006,IS_A,129868008
423875000,IS_A,54777007
424537004,IS_A,54777007
704383009,IS_A,54777007
704379009,IS_A,54777007
704381006,IS_A,54777007
704375003,IS_A,54777007
704680001,IS_A,54777007
706869001,IS_A,54777007
705086000,IS_A,54777007
704491001,IS_A,54777007
704400005,IS_A,54777007
704404001,IS_A,54777007
704403007,IS_A,54777007
704402002,IS_A,54777007
704406004,IS_A,54777007
704446005,IS_A,54777007
713398008,IS_A,54777007
713447003,IS_A,54777007
713448008,IS_A,54777007
713449000,IS_A,54777007
713451001,IS_A,54777007
713452008,IS_A,54777007
714670007,IS_A,54777007
397588000,IS_A,397640006
397598006,IS_A,397640006
397675006,IS_A,397640006
397699006,IS_A,397640006
397724004,IS_A,397640006
708571001,IS_A,397640006
716391009,IS_A,397640006
716438000,IS_A,397640006
407628009,IS_A,102957003
407628009,IS_A,373930000
407629001,IS_A,407628009
407630006,IS_A,407628009
407631005,IS_A,407628009
407632003,IS_A,407628009
407633008,IS_A,407628009
407634002,IS_A,407628009
407635001,IS_A,407628009
418415002,IS_A,373930000
418415002,IS_A,118228005
419011006,IS_A,418415002
418716000,IS_A,419011006
420169008,IS_A,419011006
419606008,IS_A,419011006
419049005,IS_A,419011006
419128007,IS_A,419011006
419849006,IS_A,418415002
417938007,IS_A,419849006
418837001,IS_A,419849006
418428009,IS_A,419849006
419399001,IS_A,419849006
418075002,IS_A,419849006
365923008,IS_A,373930000
247584000,IS_A,365923008
247584000,IS_A,365922003
247585004,IS_A,365923008
53209001,IS_A,365923008
53209001,IS_A,15863006
365924002,IS_A,365923008
365924002,IS_A,118228005
304650003,IS_A,365924002
304651004,IS_A,365924002
304652006,IS_A,365924002
415806002,IS_A,365924002
716433009,IS_A,365924002
365925001,IS_A,365923008
365925001,IS_A,118228005
304687006,IS_A,365925001
304688001,IS_A,365925001
304689009,IS_A,365925001
397629003,IS_A,397608007
397629003,IS_A,397688009
397629003,IS_A,365923008
716415003,IS_A,365923008
423884000,IS_A,373930000
423884000,IS_A,844005
191992009,IS_A,106129007
191992009,IS_A,423884000
247926005,IS_A,191992009
247927001,IS_A,191992009
247928006,IS_A,247927001
247929003,IS_A,247927001
247930008,IS_A,247927001
247931007,IS_A,247927001
247932000,IS_A,247927001
247936002,IS_A,191992009
247939009,IS_A,191992009
247940006,IS_A,191992009
284515004,IS_A,191992009
247922007,IS_A,284515004
247923002,IS_A,284515004
284516003,IS_A,191992009
247924008,IS_A,284516003
247925009,IS_A,284516003
284517007,IS_A,191992009
247933005,IS_A,284517007
247934004,IS_A,284517007
53427000,IS_A,284517007
284518002,IS_A,191992009
247937006,IS_A,284518002
284519005,IS_A,284518002
30189004,IS_A,191992009
41996009,IS_A,191992009
56835001,IS_A,191992009
90207007,IS_A,191992009
25107009,IS_A,423884000
25107009,IS_A,284592002
28051002,IS_A,25107009
40628008,IS_A,25107009
609583009,IS_A,25107009
386806002,IS_A,373930000
102891000,IS_A,386806002
110352000,IS_A,386806002
141601000119107,IS_A,386806002
702955000,IS_A,386806002
702956004,IS_A,386806002
449888003,IS_A,373930000
39093002,IS_A,384821006
39093002,IS_A,397706001
54231004,IS_A,39093002
23328008,IS_A,54231004
25944005,IS_A,54231004
416578004,IS_A,384821006
